{
  "device": "gpu",
  "sample": 500,
  "trial": [
    {
      "random_flip": 0.025592803955078125,
      "random_rotation": 0.00015735626220703125,
      "random_zoom": 8.988380432128906e-05,
      "rescaling": 0.0008866786956787109,
      "first_conv": 1.4537391662597656,
      "first_maxpool": 0.0012009143829345703,
      "second_conv": 0.030262470245361328,
      "second_maxpool": 0.0002086162567138672,
      "third_conv": 0.03635597229003906,
      "third_maxpool": 0.00018906593322753906,
      "drop_out": 0.0002167224884033203,
      "flatten": 0.0011489391326904297,
      "dense": 0.0026934146881103516,
      "output": 0.0015654563903808594
    },
    {
      "random_flip": 0.0749504566192627,
      "random_rotation": 0.0001304149627685547,
      "random_zoom": 8.20159912109375e-05,
      "rescaling": 0.0007984638214111328,
      "first_conv": 0.001207113265991211,
      "first_maxpool": 0.0002429485321044922,
      "second_conv": 0.00046443939208984375,
      "second_maxpool": 0.00017642974853515625,
      "third_conv": 0.00042939186096191406,
      "third_maxpool": 0.00017452239990234375,
      "drop_out": 0.0001990795135498047,
      "flatten": 0.00023603439331054688,
      "dense": 0.0004241466522216797,
      "output": 0.0002963542938232422
    },
    {
      "random_flip": 0.07545804977416992,
      "random_rotation": 0.00012493133544921875,
      "random_zoom": 8.273124694824219e-05,
      "rescaling": 0.0008268356323242188,
      "first_conv": 0.0008683204650878906,
      "first_maxpool": 0.0002288818359375,
      "second_conv": 0.0004513263702392578,
      "second_maxpool": 0.0001888275146484375,
      "third_conv": 0.0004296302795410156,
      "third_maxpool": 0.00018477439880371094,
      "drop_out": 0.00018596649169921875,
      "flatten": 0.00022935867309570312,
      "dense": 0.0004363059997558594,
      "output": 0.0002970695495605469
    },
    {
      "random_flip": 0.07538223266601562,
      "random_rotation": 0.00012350082397460938,
      "random_zoom": 8.177757263183594e-05,
      "rescaling": 0.0007960796356201172,
      "first_conv": 0.0009126663208007812,
      "first_maxpool": 0.0002627372741699219,
      "second_conv": 0.00045800209045410156,
      "second_maxpool": 0.00017523765563964844,
      "third_conv": 0.0004260540008544922,
      "third_maxpool": 0.00017786026000976562,
      "drop_out": 0.0001957416534423828,
      "flatten": 0.00023436546325683594,
      "dense": 0.00042438507080078125,
      "output": 0.00029540061950683594
    },
    {
      "random_flip": 0.07552099227905273,
      "random_rotation": 0.00012111663818359375,
      "random_zoom": 8.368492126464844e-05,
      "rescaling": 0.0008227825164794922,
      "first_conv": 0.0008656978607177734,
      "first_maxpool": 0.00022721290588378906,
      "second_conv": 0.0004525184631347656,
      "second_maxpool": 0.0001850128173828125,
      "third_conv": 0.0004279613494873047,
      "third_maxpool": 0.00021147727966308594,
      "drop_out": 0.00018930435180664062,
      "flatten": 0.0002288818359375,
      "dense": 0.00043463706970214844,
      "output": 0.0003006458282470703
    },
    {
      "random_flip": 0.07670402526855469,
      "random_rotation": 0.0001251697540283203,
      "random_zoom": 8.106231689453125e-05,
      "rescaling": 0.0007996559143066406,
      "first_conv": 0.0008831024169921875,
      "first_maxpool": 0.00025200843811035156,
      "second_conv": 0.00045943260192871094,
      "second_maxpool": 0.00017595291137695312,
      "third_conv": 0.00042629241943359375,
      "third_maxpool": 0.00017452239990234375,
      "drop_out": 0.0001971721649169922,
      "flatten": 0.00023031234741210938,
      "dense": 0.00043654441833496094,
      "output": 0.0002968311309814453
    },
    {
      "random_flip": 0.07551002502441406,
      "random_rotation": 0.00012183189392089844,
      "random_zoom": 8.130073547363281e-05,
      "rescaling": 0.0008151531219482422,
      "first_conv": 0.0008695125579833984,
      "first_maxpool": 0.0002281665802001953,
      "second_conv": 0.00045943260192871094,
      "second_maxpool": 0.00018835067749023438,
      "third_conv": 0.00042891502380371094,
      "third_maxpool": 0.0001747608184814453,
      "drop_out": 0.00017976760864257812,
      "flatten": 0.00022840499877929688,
      "dense": 0.0004291534423828125,
      "output": 0.00029659271240234375
    },
    {
      "random_flip": 0.07564997673034668,
      "random_rotation": 0.0001232624053955078,
      "random_zoom": 8.20159912109375e-05,
      "rescaling": 0.0007946491241455078,
      "first_conv": 0.0008611679077148438,
      "first_maxpool": 0.0002620220184326172,
      "second_conv": 0.00046062469482421875,
      "second_maxpool": 0.00017547607421875,
      "third_conv": 0.0004229545593261719,
      "third_maxpool": 0.00019598007202148438,
      "drop_out": 0.00018405914306640625,
      "flatten": 0.0002295970916748047,
      "dense": 0.0004246234893798828,
      "output": 0.0002970695495605469
    },
    {
      "random_flip": 0.07530069351196289,
      "random_rotation": 0.00012063980102539062,
      "random_zoom": 8.416175842285156e-05,
      "rescaling": 0.0008246898651123047,
      "first_conv": 0.0008678436279296875,
      "first_maxpool": 0.00022840499877929688,
      "second_conv": 0.0004532337188720703,
      "second_maxpool": 0.0001857280731201172,
      "third_conv": 0.00042724609375,
      "third_maxpool": 0.00017380714416503906,
      "drop_out": 0.00018262863159179688,
      "flatten": 0.00023365020751953125,
      "dense": 0.00043272972106933594,
      "output": 0.0002956390380859375
    },
    {
      "random_flip": 0.07576346397399902,
      "random_rotation": 0.0001232624053955078,
      "random_zoom": 8.249282836914062e-05,
      "rescaling": 0.0007927417755126953,
      "first_conv": 0.0008730888366699219,
      "first_maxpool": 0.0002620220184326172,
      "second_conv": 0.00045490264892578125,
      "second_maxpool": 0.00017499923706054688,
      "third_conv": 0.0004372596740722656,
      "third_maxpool": 0.00018453598022460938,
      "drop_out": 0.00018525123596191406,
      "flatten": 0.00023412704467773438,
      "dense": 0.00042700767517089844,
      "output": 0.0003008842468261719
    },
    {
      "random_flip": 0.07523202896118164,
      "random_rotation": 0.00012373924255371094,
      "random_zoom": 8.106231689453125e-05,
      "rescaling": 0.000843048095703125,
      "first_conv": 0.0008606910705566406,
      "first_maxpool": 0.00022983551025390625,
      "second_conv": 0.0004487037658691406,
      "second_maxpool": 0.00019025802612304688,
      "third_conv": 0.0004291534423828125,
      "third_maxpool": 0.0001728534698486328,
      "drop_out": 0.00018286705017089844,
      "flatten": 0.0002300739288330078,
      "dense": 0.00043082237243652344,
      "output": 0.0002989768981933594
    },
    {
      "random_flip": 0.0756232738494873,
      "random_rotation": 0.00012421607971191406,
      "random_zoom": 8.392333984375e-05,
      "rescaling": 0.0007863044738769531,
      "first_conv": 0.0008528232574462891,
      "first_maxpool": 0.0002593994140625,
      "second_conv": 0.0004558563232421875,
      "second_maxpool": 0.0001888275146484375,
      "third_conv": 0.0004241466522216797,
      "third_maxpool": 0.0001823902130126953,
      "drop_out": 0.00018477439880371094,
      "flatten": 0.0002315044403076172,
      "dense": 0.00042128562927246094,
      "output": 0.00029468536376953125
    },
    {
      "random_flip": 0.07550835609436035,
      "random_rotation": 0.00012183189392089844,
      "random_zoom": 8.106231689453125e-05,
      "rescaling": 0.0008351802825927734,
      "first_conv": 0.0008575916290283203,
      "first_maxpool": 0.0002334117889404297,
      "second_conv": 0.0004558563232421875,
      "second_maxpool": 0.00018548965454101562,
      "third_conv": 0.0004258155822753906,
      "third_maxpool": 0.00017333030700683594,
      "drop_out": 0.0001857280731201172,
      "flatten": 0.00023412704467773438,