{
  "device": "gpu",
  "sample": 3000,
  "trial": [
    {
      "random_flip": 0.4402749538421631,
      "random_rotation": 0.00013518333435058594,
      "random_zoom": 8.416175842285156e-05,
      "rescaling": 0.002798795700073242,
      "first_conv": 1.5632107257843018,
      "first_maxpool": 0.0012192726135253906,
      "second_conv": 0.1394486427307129,
      "second_maxpool": 0.0002257823944091797,
      "third_conv": 0.1287980079650879,
      "third_maxpool": 0.00019693374633789062,
      "drop_out": 0.0002384185791015625,
      "flatten": 0.0011394023895263672,
      "dense": 0.002698183059692383,
      "output": 0.001546621322631836
    },
    {
      "random_flip": 0.4438762664794922,
      "random_rotation": 0.0001277923583984375,
      "random_zoom": 8.463859558105469e-05,
      "rescaling": 0.002595186233520508,
      "first_conv": 0.0014111995697021484,
      "first_maxpool": 0.00023818016052246094,
      "second_conv": 0.0004661083221435547,
      "second_maxpool": 0.00018215179443359375,
      "third_conv": 0.00043582916259765625,
      "third_maxpool": 0.00017690658569335938,
      "drop_out": 0.0002048015594482422,
      "flatten": 0.0002338886260986328,
      "dense": 0.0004417896270751953,
      "output": 0.00028777122497558594
    },
    {
      "random_flip": 0.44410181045532227,
      "random_rotation": 0.00012159347534179688,
      "random_zoom": 0.00010085105895996094,
      "rescaling": 0.002583026885986328,
      "first_conv": 0.0011408329010009766,
      "first_maxpool": 0.0002703666687011719,
      "second_conv": 0.00048089027404785156,
      "second_maxpool": 0.00017881393432617188,
      "third_conv": 0.00042891502380371094,
      "third_maxpool": 0.00017523765563964844,
      "drop_out": 0.0002090930938720703,
      "flatten": 0.00023865699768066406,
      "dense": 0.0004420280456542969,
      "output": 0.00028514862060546875
    },
    {
      "random_flip": 0.4425933361053467,
      "random_rotation": 0.0001220703125,
      "random_zoom": 8.034706115722656e-05,
      "rescaling": 0.0025815963745117188,
      "first_conv": 0.0011229515075683594,
      "first_maxpool": 0.00026535987854003906,
      "second_conv": 0.00046133995056152344,
      "second_maxpool": 0.00018453598022460938,
      "third_conv": 0.00043201446533203125,
      "third_maxpool": 0.00017595291137695312,
      "drop_out": 0.0002014636993408203,
      "flatten": 0.00022792816162109375,
      "dense": 0.0004391670227050781,
      "output": 0.00028777122497558594
    },
    {
      "random_flip": 0.44399023056030273,
      "random_rotation": 0.00012421607971191406,
      "random_zoom": 8.0108642578125e-05,
      "rescaling": 0.002553701400756836,
      "first_conv": 0.0011501312255859375,
      "first_maxpool": 0.00024080276489257812,
      "second_conv": 0.00046253204345703125,
      "second_maxpool": 0.00017786026000976562,
      "third_conv": 0.0004296302795410156,
      "third_maxpool": 0.00017571449279785156,
      "drop_out": 0.00020742416381835938,
      "flatten": 0.0002357959747314453,
      "dense": 0.0004367828369140625,
      "output": 0.0002868175506591797
    },
    {
      "random_flip": 0.44393348693847656,
      "random_rotation": 0.00011873245239257812,
      "random_zoom": 8.082389831542969e-05,
      "rescaling": 0.002384662628173828,
      "first_conv": 0.0013279914855957031,
      "first_maxpool": 0.00023317337036132812,
      "second_conv": 0.0004601478576660156,
      "second_maxpool": 0.00018143653869628906,
      "third_conv": 0.000431060791015625,
      "third_maxpool": 0.0001766681671142578,
      "drop_out": 0.00020170211791992188,
      "flatten": 0.00023627281188964844,
      "dense": 0.0004818439483642578,
      "output": 0.0002849102020263672
    },
    {
      "random_flip": 0.4443702697753906,
      "random_rotation": 0.00011968612670898438,
      "random_zoom": 7.891654968261719e-05,
      "rescaling": 0.0025801658630371094,
      "first_conv": 0.0012462139129638672,
      "first_maxpool": 0.0002467632293701172,
      "second_conv": 0.0004734992980957031,
      "second_maxpool": 0.0001780986785888672,
      "third_conv": 0.0004456043243408203,
      "third_maxpool": 0.00017523765563964844,
      "drop_out": 0.00020456314086914062,
      "flatten": 0.0002372264862060547,
      "dense": 0.00044226646423339844,
      "output": 0.00028896331787109375
    },
    {
      "random_flip": 0.44315218925476074,
      "random_rotation": 0.00012040138244628906,
      "random_zoom": 8.344650268554688e-05,
      "rescaling": 0.0025887489318847656,
      "first_conv": 0.001081228256225586,
      "first_maxpool": 0.00023293495178222656,
      "second_conv": 0.0004982948303222656,
      "second_maxpool": 0.00019550323486328125,
      "third_conv": 0.00042891502380371094,
      "third_maxpool": 0.00017571449279785156,
      "drop_out": 0.00020122528076171875,
      "flatten": 0.0002338886260986328,
      "dense": 0.0004405975341796875,
      "output": 0.00028896331787109375
    },
    {
      "random_flip": 0.44307589530944824,
      "random_rotation": 0.0001220703125,
      "random_zoom": 7.987022399902344e-05,
      "rescaling": 0.002566814422607422,
      "first_conv": 0.0011205673217773438,
      "first_maxpool": 0.0002346038818359375,
      "second_conv": 0.0004601478576660156,
      "second_maxpool": 0.0001785755157470703,
      "third_conv": 0.0004265308380126953,
      "third_maxpool": 0.0001747608184814453,
      "drop_out": 0.00020599365234375,
      "flatten": 0.0002353191375732422,
      "dense": 0.0004334449768066406,
      "output": 0.0013670921325683594
    },
    {
      "random_flip": 0.44403982162475586,
      "random_rotation": 0.0001201629638671875,
      "random_zoom": 7.939338684082031e-05,
      "rescaling": 0.0026121139526367188,
      "first_conv": 0.0011284351348876953,
      "first_maxpool": 0.0002307891845703125,
      "second_conv": 0.0004668235778808594,
      "second_maxpool": 0.00018548965454101562,
      "third_conv": 0.00042819976806640625,
      "third_maxpool": 0.00017499923706054688,
      "drop_out": 0.00019621849060058594,
      "flatten": 0.00022840499877929688,
      "dense": 0.0004374980926513672,
      "output": 0.0002944469451904297
    },
    {
      "random_flip": 0.44370388984680176,
      "random_rotation": 0.00013065338134765625,
      "random_zoom": 8.058547973632812e-05,
      "rescaling": 0.0025513172149658203,
      "first_conv": 0.0010960102081298828,
      "first_maxpool": 0.000308990478515625,
      "second_conv": 0.0004642009735107422,
      "second_maxpool": 0.00017762184143066406,
      "third_conv": 0.00042748451232910156,
      "third_maxpool": 0.000179290771484375,
      "drop_out": 0.00020456314086914062,
      "flatten": 0.00022912025451660156,
      "dense": 0.00043201446533203125,
      "output": 0.0002856254577636719
    },
    {
      "random_flip": 0.44356441497802734,
      "random_rotation": 0.00012135505676269531,
      "random_zoom": 8.153915405273438e-05,
      "rescaling": 0.002595186233520508,
      "first_conv": 0.0010895729064941406,
      "first_maxpool": 0.00023102760314941406,
      "second_conv": 0.00046181678771972656,
      "second_maxpool": 0.00019598007202148438,
      "third_conv": 0.0004248619079589844,
      "third_maxpool": 0.00017595291137695312,
      "drop_out": 0.0002167224884033203,
      "flatten": 0.0002315044403076172,
      "dense": 0.0004374980926513672,
      "output": 0.00028705596923828125
    },
    {
      "random_flip": 0.4427776336669922,
      "random_rotation": 0.00011944770812988281,
      "random_zoom": 8.034706115722656e-05,
      "rescaling": 0.0025637149810791016,
      "first_conv": 0.0011188983917236328,
      "first_maxpool": 0.0002491474151611328,
      "second_conv": 0.00045680999755859375,
      "second_maxpool": 0.00018024444580078125,
      "third_conv": 0.0004317760467529297,
      "third_maxpool": 0.0001773834228515625,
      "drop_out": 0.00020241737365722656,
      "flatten": 0.00023317337036132812,