{
  "device": "gpu",
  "sample": 1000,
  "trial": [
    {
      "random_flip": 0.1494138240814209,
      "random_rotation": 0.00012540817260742188,
      "random_zoom": 8.940696716308594e-05,
      "rescaling": 0.0008029937744140625,
      "first_conv": 1.4897923469543457,
      "first_maxpool": 0.0011560916900634766,
      "second_conv": 0.059819698333740234,
      "second_maxpool": 0.00026297569274902344,
      "third_conv": 0.07172203063964844,
      "third_maxpool": 0.0002009868621826172,
      "drop_out": 0.0002117156982421875,
      "flatten": 0.0011179447174072266,
      "dense": 0.0027818679809570312,
      "output": 0.0016036033630371094
    },
    {
      "random_flip": 0.15192794799804688,
      "random_rotation": 0.00011801719665527344,
      "random_zoom": 8.606910705566406e-05,
      "rescaling": 0.0011143684387207031,
      "first_conv": 0.001117706298828125,
      "first_maxpool": 0.00023436546325683594,
      "second_conv": 0.00047659873962402344,
      "second_maxpool": 0.00017976760864257812,
      "third_conv": 0.0004222393035888672,
      "third_maxpool": 0.00017571449279785156,
      "drop_out": 0.00018143653869628906,
      "flatten": 0.00021529197692871094,
      "dense": 0.0004565715789794922,
      "output": 0.00031065940856933594
    },
    {
      "random_flip": 0.14814400672912598,
      "random_rotation": 0.00011968612670898438,
      "random_zoom": 8.440017700195312e-05,
      "rescaling": 0.0010857582092285156,
      "first_conv": 0.0008702278137207031,
      "first_maxpool": 0.0002429485321044922,
      "second_conv": 0.0004706382751464844,
      "second_maxpool": 0.00017499923706054688,
      "third_conv": 0.00042891502380371094,
      "third_maxpool": 0.00017690658569335938,
      "drop_out": 0.0001933574676513672,
      "flatten": 0.00021791458129882812,
      "dense": 0.00044798851013183594,
      "output": 0.0003018379211425781
    },
    {
      "random_flip": 0.14844799041748047,
      "random_rotation": 0.0001163482666015625,
      "random_zoom": 8.416175842285156e-05,
      "rescaling": 0.0011014938354492188,
      "first_conv": 0.0008592605590820312,
      "first_maxpool": 0.00023102760314941406,
      "second_conv": 0.00046706199645996094,
      "second_maxpool": 0.0001838207244873047,
      "third_conv": 0.0004277229309082031,
      "third_maxpool": 0.00017380714416503906,
      "drop_out": 0.0001838207244873047,
      "flatten": 0.0002148151397705078,
      "dense": 0.00046443939208984375,
      "output": 0.0003037452697753906
    },
    {
      "random_flip": 0.14817595481872559,
      "random_rotation": 0.00011491775512695312,
      "random_zoom": 8.368492126464844e-05,
      "rescaling": 0.0010716915130615234,
      "first_conv": 0.0008625984191894531,
      "first_maxpool": 0.0002422332763671875,
      "second_conv": 0.0004639625549316406,
      "second_maxpool": 0.00017571449279785156,
      "third_conv": 0.00041937828063964844,
      "third_maxpool": 0.00019240379333496094,
      "drop_out": 0.00018334388732910156,
      "flatten": 0.00021910667419433594,
      "dense": 0.0004458427429199219,
      "output": 0.00030112266540527344
    },
    {
      "random_flip": 0.14792585372924805,
      "random_rotation": 0.00011610984802246094,
      "random_zoom": 8.344650268554688e-05,
      "rescaling": 0.0010905265808105469,
      "first_conv": 0.0008885860443115234,
      "first_maxpool": 0.00023126602172851562,
      "second_conv": 0.0004680156707763672,
      "second_maxpool": 0.00017905235290527344,
      "third_conv": 0.0004210472106933594,
      "third_maxpool": 0.0001735687255859375,
      "drop_out": 0.00018310546875,
      "flatten": 0.00021314620971679688,
      "dense": 0.0004508495330810547,
      "output": 0.00030732154846191406
    },
    {
      "random_flip": 0.1476728916168213,
      "random_rotation": 0.00011539459228515625,
      "random_zoom": 8.463859558105469e-05,
      "rescaling": 0.0010793209075927734,
      "first_conv": 0.0008673667907714844,
      "first_maxpool": 0.00024318695068359375,
      "second_conv": 0.00048160552978515625,
      "second_maxpool": 0.000179290771484375,
      "third_conv": 0.00042510032653808594,
      "third_maxpool": 0.00017571449279785156,
      "drop_out": 0.00018072128295898438,
      "flatten": 0.0002143383026123047,
      "dense": 0.0004487037658691406,
      "output": 0.0003025531768798828
    },
    {
      "random_flip": 0.14892005920410156,
      "random_rotation": 0.00011563301086425781,
      "random_zoom": 8.416175842285156e-05,
      "rescaling": 0.0010831356048583984,
      "first_conv": 0.0008792877197265625,
      "first_maxpool": 0.0002319812774658203,
      "second_conv": 0.0004799365997314453,
      "second_maxpool": 0.000179290771484375,
      "third_conv": 0.0004248619079589844,
      "third_maxpool": 0.00017333030700683594,
      "drop_out": 0.00018787384033203125,
      "flatten": 0.00021505355834960938,
      "dense": 0.0004506111145019531,
      "output": 0.00032711029052734375
    },
    {
      "random_flip": 0.14742183685302734,
      "random_rotation": 0.00011801719665527344,
      "random_zoom": 8.487701416015625e-05,
      "rescaling": 0.0010805130004882812,
      "first_conv": 0.0008616447448730469,
      "first_maxpool": 0.00024247169494628906,
      "second_conv": 0.0004646778106689453,
      "second_maxpool": 0.0001742839813232422,
      "third_conv": 0.0004215240478515625,
      "third_maxpool": 0.00017523765563964844,
      "drop_out": 0.0001800060272216797,
      "flatten": 0.00021529197692871094,
      "dense": 0.0004525184631347656,
      "output": 0.00030159950256347656
    },
    {
      "random_flip": 0.1476914882659912,
      "random_rotation": 0.00011658668518066406,
      "random_zoom": 8.58306884765625e-05,
      "rescaling": 0.0010905265808105469,
      "first_conv": 0.0008568763732910156,
      "first_maxpool": 0.0002295970916748047,
      "second_conv": 0.00046706199645996094,
      "second_maxpool": 0.00018167495727539062,
      "third_conv": 0.00042176246643066406,
      "third_maxpool": 0.00017404556274414062,
      "drop_out": 0.00018525123596191406,
      "flatten": 0.0002155303955078125,
      "dense": 0.00044798851013183594,
      "output": 0.00033593177795410156
    },
    {
      "random_flip": 0.14786386489868164,
      "random_rotation": 0.00011754035949707031,
      "random_zoom": 8.296966552734375e-05,
      "rescaling": 0.0010797977447509766,
      "first_conv": 0.0009138584136962891,
      "first_maxpool": 0.00024247169494628906,
      "second_conv": 0.0004837512969970703,
      "second_maxpool": 0.00017333030700683594,
      "third_conv": 0.0004360675811767578,
      "third_maxpool": 0.00017571449279785156,
      "drop_out": 0.00019288063049316406,
      "flatten": 0.0002200603485107422,
      "dense": 0.00045990943908691406,
      "output": 0.0003097057342529297
    },
    {
      "random_flip": 0.14757585525512695,
      "random_rotation": 0.00011777877807617188,
      "random_zoom": 8.344650268554688e-05,
      "rescaling": 0.0010771751403808594,
      "first_conv": 0.0008504390716552734,
      "first_maxpool": 0.0002295970916748047,
      "second_conv": 0.00046372413635253906,
      "second_maxpool": 0.00018143653869628906,
      "third_conv": 0.00042057037353515625,
      "third_maxpool": 0.0001881122589111328,
      "drop_out": 0.0001785755157470703,
      "flatten": 0.00021219253540039062,
      "dense": 0.00045180320739746094,
      "output": 0.0003082752227783203
    },
    {
      "random_flip": 0.14742732048034668,
      "random_rotation": 0.00011658668518066406,
      "random_zoom": 8.416175842285156e-05,
      "rescaling": 0.001074075698852539,
      "first_conv": 0.0008606910705566406,
      "first_maxpool": 0.00023317337036132812,
      "second_conv": 0.0004639625549316406,
      "second_maxpool": 0.0001735687255859375,
      "third_conv": 0.0004189014434814453,
      "third_maxpool": 0.00017523765563964844,
      "drop_out": 0.0001914501190185547,