{
  "device": "gpu",
  "sample": 1500,
  "trial": [
    {
      "random_flip": 0.07580304145812988,
      "random_rotation": 0.00012826919555664062,
      "random_zoom": 8.940696716308594e-05,
      "rescaling": 0.002074003219604492,
      "first_conv": 1.5281050205230713,
      "first_maxpool": 0.0012140274047851562,
      "second_conv": 0.07756519317626953,
      "second_maxpool": 0.00019788742065429688,
      "third_conv": 0.09089970588684082,
      "third_maxpool": 0.0002129077911376953,
      "drop_out": 0.0002422332763671875,
      "flatten": 0.0011262893676757812,
      "dense": 0.0028297901153564453,
      "output": 0.0015759468078613281
    },
    {
      "random_flip": 0.22357940673828125,
      "random_rotation": 0.00012731552124023438,
      "random_zoom": 8.702278137207031e-05,
      "rescaling": 0.001405954360961914,
      "first_conv": 0.0011467933654785156,
      "first_maxpool": 0.00023412704467773438,
      "second_conv": 0.0004968643188476562,
      "second_maxpool": 0.0001761913299560547,
      "third_conv": 0.0004253387451171875,
      "third_maxpool": 0.00017547607421875,
      "drop_out": 0.0001888275146484375,
      "flatten": 0.000217437744140625,
      "dense": 0.0004532337188720703,
      "output": 0.0003018379211425781
    },
    {
      "random_flip": 0.22127532958984375,
      "random_rotation": 0.00011610984802246094,
      "random_zoom": 8.320808410644531e-05,
      "rescaling": 0.0014042854309082031,
      "first_conv": 0.0009064674377441406,
      "first_maxpool": 0.00022864341735839844,
      "second_conv": 0.0005064010620117188,
      "second_maxpool": 0.00017690658569335938,
      "third_conv": 0.0004258155822753906,
      "third_maxpool": 0.00017333030700683594,
      "drop_out": 0.00018906593322753906,
      "flatten": 0.0002219676971435547,
      "dense": 0.00045013427734375,
      "output": 0.0003020763397216797
    },
    {
      "random_flip": 0.22243380546569824,
      "random_rotation": 0.00011706352233886719,
      "random_zoom": 8.296966552734375e-05,
      "rescaling": 0.001394033432006836,
      "first_conv": 0.000934600830078125,
      "first_maxpool": 0.0002315044403076172,
      "second_conv": 0.0004680156707763672,
      "second_maxpool": 0.00017499923706054688,
      "third_conv": 0.00042128562927246094,
      "third_maxpool": 0.000171661376953125,
      "drop_out": 0.00018858909606933594,
      "flatten": 0.0002186298370361328,
      "dense": 0.0004527568817138672,
      "output": 0.0003066062927246094
    },
    {
      "random_flip": 0.22105193138122559,
      "random_rotation": 0.00012493133544921875,
      "random_zoom": 8.082389831542969e-05,
      "rescaling": 0.0013995170593261719,
      "first_conv": 0.0008945465087890625,
      "first_maxpool": 0.0002276897430419922,
      "second_conv": 0.00046825408935546875,
      "second_maxpool": 0.0001819133758544922,
      "third_conv": 0.0004208087921142578,
      "third_maxpool": 0.0001742839813232422,
      "drop_out": 0.0002262592315673828,
      "flatten": 0.0002193450927734375,
      "dense": 0.0004506111145019531,
      "output": 0.0003056526184082031
    },
    {
      "random_flip": 0.22192788124084473,
      "random_rotation": 0.00011563301086425781,
      "random_zoom": 8.153915405273438e-05,
      "rescaling": 0.001379251480102539,
      "first_conv": 0.0008969306945800781,
      "first_maxpool": 0.0002315044403076172,
      "second_conv": 0.00047087669372558594,
      "second_maxpool": 0.0001964569091796875,
      "third_conv": 0.0004215240478515625,
      "third_maxpool": 0.00017070770263671875,
      "drop_out": 0.0001926422119140625,
      "flatten": 0.0002162456512451172,
      "dense": 0.00044035911560058594,
      "output": 0.000301361083984375
    },
    {
      "random_flip": 0.22321367263793945,
      "random_rotation": 0.00011777877807617188,
      "random_zoom": 8.249282836914062e-05,
      "rescaling": 0.001399993896484375,
      "first_conv": 0.0009834766387939453,
      "first_maxpool": 0.00026869773864746094,
      "second_conv": 0.0004799365997314453,
      "second_maxpool": 0.00017547607421875,
      "third_conv": 0.0004334449768066406,
      "third_maxpool": 0.00017261505126953125,
      "drop_out": 0.00019025802612304688,
      "flatten": 0.00022459030151367188,
      "dense": 0.0004584789276123047,
      "output": 0.0003094673156738281
    },
    {
      "random_flip": 0.22116351127624512,
      "random_rotation": 0.00011801719665527344,
      "random_zoom": 8.249282836914062e-05,
      "rescaling": 0.0013647079467773438,
      "first_conv": 0.0008976459503173828,
      "first_maxpool": 0.00022745132446289062,
      "second_conv": 0.0004665851593017578,
      "second_maxpool": 0.00017333030700683594,
      "third_conv": 0.00042438507080078125,
      "third_maxpool": 0.00017499923706054688,
      "drop_out": 0.00020241737365722656,
      "flatten": 0.00021600723266601562,
      "dense": 0.00044655799865722656,
      "output": 0.0003018379211425781
    },
    {
      "random_flip": 0.2217557430267334,
      "random_rotation": 0.00011682510375976562,
      "random_zoom": 8.177757263183594e-05,
      "rescaling": 0.0014264583587646484,
      "first_conv": 0.0009012222290039062,
      "first_maxpool": 0.00022745132446289062,
      "second_conv": 0.00046753883361816406,
      "second_maxpool": 0.0001819133758544922,
      "third_conv": 0.0004246234893798828,
      "third_maxpool": 0.0001709461212158203,
      "drop_out": 0.0001850128173828125,
      "flatten": 0.00021529197692871094,
      "dense": 0.00047850608825683594,
      "output": 0.00030541419982910156
    },
    {
      "random_flip": 0.22158360481262207,
      "random_rotation": 0.00011587142944335938,
      "random_zoom": 8.296966552734375e-05,
      "rescaling": 0.001394510269165039,
      "first_conv": 0.0009248256683349609,
      "first_maxpool": 0.00023126602172851562,
      "second_conv": 0.0004630088806152344,
      "second_maxpool": 0.0001735687255859375,
      "third_conv": 0.0004258155822753906,
      "third_maxpool": 0.00017333030700683594,
      "drop_out": 0.00018739700317382812,
      "flatten": 0.00021529197692871094,
      "dense": 0.0004513263702392578,
      "output": 0.0003037452697753906
    },
    {
      "random_flip": 0.22089743614196777,
      "random_rotation": 0.00011587142944335938,
      "random_zoom": 8.320808410644531e-05,
      "rescaling": 0.0014157295227050781,
      "first_conv": 0.0008924007415771484,
      "first_maxpool": 0.0002269744873046875,
      "second_conv": 0.0004973411560058594,
      "second_maxpool": 0.00017952919006347656,
      "third_conv": 0.00042700767517089844,
      "third_maxpool": 0.00017142295837402344,
      "drop_out": 0.00018858909606933594,
      "flatten": 0.00021696090698242188,
      "dense": 0.0004525184631347656,
      "output": 0.0003032684326171875
    },
    {
      "random_flip": 0.2591390609741211,
      "random_rotation": 0.00011706352233886719,
      "random_zoom": 8.249282836914062e-05,
      "rescaling": 0.001397848129272461,
      "first_conv": 0.0009021759033203125,
      "first_maxpool": 0.00025391578674316406,
      "second_conv": 0.0004715919494628906,
      "second_maxpool": 0.0001728534698486328,
      "third_conv": 0.0004215240478515625,
      "third_maxpool": 0.0001785755157470703,
      "drop_out": 0.00018596649169921875,
      "flatten": 0.00021910667419433594,
      "dense": 0.0004456043243408203,
      "output": 0.0003027915954589844
    },
    {
      "random_flip": 0.22086644172668457,
      "random_rotation": 0.00011754035949707031,
      "random_zoom": 8.225440979003906e-05,
      "rescaling": 0.0014393329620361328,
      "first_conv": 0.0008924007415771484,
      "first_maxpool": 0.00022673606872558594,
      "second_conv": 0.00046181678771972656,
      "second_maxpool": 0.0001773834228515625,
      "third_conv": 0.0004284381866455078,
      "third_maxpool": 0.00017189979553222656,
      "drop_out": 0.00018787384033203125,
      "flatten": 0.00023436546325683594,