{
  "device": "gpu",
  "sample": 2000,
  "trial": [
    {
      "random_flip": 0.09863781929016113,
      "random_rotation": 0.00012993812561035156,
      "random_zoom": 9.036064147949219e-05,
      "rescaling": 0.002082347869873047,
      "first_conv": 1.504854679107666,
      "first_maxpool": 0.0012059211730957031,
      "second_conv": 0.08857583999633789,
      "second_maxpool": 0.00019693374633789062,
      "third_conv": 0.10576605796813965,
      "third_maxpool": 0.0001933574676513672,
      "drop_out": 0.00022149085998535156,
      "flatten": 0.001123666763305664,
      "dense": 0.0027408599853515625,
      "output": 0.001550912857055664
    },
    {
      "random_flip": 0.2945280075073242,
      "random_rotation": 0.00011968612670898438,
      "random_zoom": 8.511543273925781e-05,
      "rescaling": 0.0016820430755615234,
      "first_conv": 0.001180887222290039,
      "first_maxpool": 0.00023627281188964844,
      "second_conv": 0.00048065185546875,
      "second_maxpool": 0.00017714500427246094,
      "third_conv": 0.00042629241943359375,
      "third_maxpool": 0.00017452239990234375,
      "drop_out": 0.00020170211791992188,
      "flatten": 0.00022172927856445312,
      "dense": 0.0004878044128417969,
      "output": 0.0002856254577636719
    },
    {
      "random_flip": 0.2977316379547119,
      "random_rotation": 0.00011491775512695312,
      "random_zoom": 8.296966552734375e-05,
      "rescaling": 0.001699686050415039,
      "first_conv": 0.0009567737579345703,
      "first_maxpool": 0.00022935867309570312,
      "second_conv": 0.0004963874816894531,
      "second_maxpool": 0.00018262863159179688,
      "third_conv": 0.00042748451232910156,
      "third_maxpool": 0.0001735687255859375,
      "drop_out": 0.00019407272338867188,
      "flatten": 0.00021982192993164062,
      "dense": 0.00045680999755859375,
      "output": 0.0002892017364501953
    },
    {
      "random_flip": 0.29563355445861816,
      "random_rotation": 0.00013208389282226562,
      "random_zoom": 8.821487426757812e-05,
      "rescaling": 0.0017118453979492188,
      "first_conv": 0.0009746551513671875,
      "first_maxpool": 0.000244140625,
      "second_conv": 0.0004801750183105469,
      "second_maxpool": 0.00017976760864257812,
      "third_conv": 0.0004456043243408203,
      "third_maxpool": 0.00017404556274414062,
      "drop_out": 0.00021457672119140625,
      "flatten": 0.00022935867309570312,
      "dense": 0.0004734992980957031,
      "output": 0.0002918243408203125
    },
    {
      "random_flip": 0.29471564292907715,
      "random_rotation": 0.00011587142944335938,
      "random_zoom": 8.344650268554688e-05,
      "rescaling": 0.0017092227935791016,
      "first_conv": 0.0009586811065673828,
      "first_maxpool": 0.00022840499877929688,
      "second_conv": 0.0004742145538330078,
      "second_maxpool": 0.0001838207244873047,
      "third_conv": 0.00042557716369628906,
      "third_maxpool": 0.00017762184143066406,
      "drop_out": 0.00019240379333496094,
      "flatten": 0.00021719932556152344,
      "dense": 0.0004544258117675781,
      "output": 0.00028824806213378906
    },
    {
      "random_flip": 0.2938578128814697,
      "random_rotation": 0.00011682510375976562,
      "random_zoom": 8.058547973632812e-05,
      "rescaling": 0.001705169677734375,
      "first_conv": 0.0009405612945556641,
      "first_maxpool": 0.0002307891845703125,
      "second_conv": 0.00047206878662109375,
      "second_maxpool": 0.00017523765563964844,
      "third_conv": 0.0004291534423828125,
      "third_maxpool": 0.00017380714416503906,
      "drop_out": 0.00019550323486328125,
      "flatten": 0.00022530555725097656,
      "dense": 0.0004868507385253906,
      "output": 0.0002903938293457031
    },
    {
      "random_flip": 0.2952744960784912,
      "random_rotation": 0.00011682510375976562,
      "random_zoom": 8.273124694824219e-05,
      "rescaling": 0.0017442703247070312,
      "first_conv": 0.0009520053863525391,
      "first_maxpool": 0.00022602081298828125,
      "second_conv": 0.00046539306640625,
      "second_maxpool": 0.0001773834228515625,
      "third_conv": 0.0004227161407470703,
      "third_maxpool": 0.0001728534698486328,
      "drop_out": 0.00019311904907226562,
      "flatten": 0.00022292137145996094,
      "dense": 0.00045752525329589844,
      "output": 0.00029587745666503906
    },
    {
      "random_flip": 0.2947986125946045,
      "random_rotation": 0.00011420249938964844,
      "random_zoom": 8.296966552734375e-05,
      "rescaling": 0.0017125606536865234,
      "first_conv": 0.0009489059448242188,
      "first_maxpool": 0.00023174285888671875,
      "second_conv": 0.0004787445068359375,
      "second_maxpool": 0.0001742839813232422,
      "third_conv": 0.0004246234893798828,
      "third_maxpool": 0.0001761913299560547,
      "drop_out": 0.00019025802612304688,
      "flatten": 0.00021719932556152344,
      "dense": 0.0004611015319824219,
      "output": 0.0002872943878173828
    },
    {
      "random_flip": 0.29599905014038086,
      "random_rotation": 0.00011849403381347656,
      "random_zoom": 8.416175842285156e-05,
      "rescaling": 0.0016944408416748047,
      "first_conv": 0.0009868144989013672,
      "first_maxpool": 0.0002295970916748047,
      "second_conv": 0.000476837158203125,
      "second_maxpool": 0.00017833709716796875,
      "third_conv": 0.00042557716369628906,
      "third_maxpool": 0.00017309188842773438,
      "drop_out": 0.00019598007202148438,
      "flatten": 0.0002219676971435547,
      "dense": 0.0004589557647705078,
      "output": 0.00029015541076660156
    },
    {
      "random_flip": 0.29465723037719727,
      "random_rotation": 0.00011706352233886719,
      "random_zoom": 9.942054748535156e-05,
      "rescaling": 0.001703023910522461,
      "first_conv": 0.0009794235229492188,
      "first_maxpool": 0.0002346038818359375,
      "second_conv": 0.0004878044128417969,
      "second_maxpool": 0.0001742839813232422,
      "third_conv": 0.00045228004455566406,
      "third_maxpool": 0.0001766681671142578,
      "drop_out": 0.00019073486328125,
      "flatten": 0.00022649765014648438,
      "dense": 0.00045943260192871094,
      "output": 0.0002961158752441406
    },
    {
      "random_flip": 0.2946329116821289,
      "random_rotation": 0.00011706352233886719,
      "random_zoom": 8.392333984375e-05,
      "rescaling": 0.0017020702362060547,
      "first_conv": 0.0009779930114746094,
      "first_maxpool": 0.0002295970916748047,
      "second_conv": 0.00046896934509277344,
      "second_maxpool": 0.00018525123596191406,
      "third_conv": 0.0004258155822753906,
      "third_maxpool": 0.00017333030700683594,
      "drop_out": 0.00018978118896484375,
      "flatten": 0.0002186298370361328,
      "dense": 0.0004572868347167969,
      "output": 0.0002875328063964844
    },
    {
      "random_flip": 0.293804407119751,
      "random_rotation": 0.00012040138244628906,
      "random_zoom": 8.463859558105469e-05,
      "rescaling": 0.0016951560974121094,
      "first_conv": 0.0009293556213378906,
      "first_maxpool": 0.00023651123046875,
      "second_conv": 0.00047397613525390625,
      "second_maxpool": 0.0001761913299560547,
      "third_conv": 0.0004248619079589844,
      "third_maxpool": 0.0001742839813232422,
      "drop_out": 0.00019502639770507812,
      "flatten": 0.0002493858337402344,
      "dense": 0.0004532337188720703,
      "output": 0.00028634071350097656
    },
    {
      "random_flip": 0.29468274116516113,
      "random_rotation": 0.00011539459228515625,
      "random_zoom": 8.392333984375e-05,
      "rescaling": 0.001705169677734375,
      "first_conv": 0.0009341239929199219,
      "first_maxpool": 0.0002474784851074219,
      "second_conv": 0.0004684925079345703,
      "second_maxpool": 0.00018358230590820312,
      "third_conv": 0.00042247772216796875,
      "third_maxpool": 0.00017714500427246094,
      "drop_out": 0.0001919269561767578,
      "flatten": 0.00021696090698242188,