{
  "device": "gpu",
  "sample": 2500,
  "trial": [
    {
      "random_flip": 0.12258052825927734,
      "random_rotation": 0.0001270771026611328,
      "random_zoom": 8.916854858398438e-05,
      "rescaling": 0.002260923385620117,
      "first_conv": 1.5248174667358398,
      "first_maxpool": 0.001226663589477539,
      "second_conv": 0.13136506080627441,
      "second_maxpool": 0.00019979476928710938,
      "third_conv": 0.10837674140930176,
      "third_maxpool": 0.0002551078796386719,
      "drop_out": 0.00023627281188964844,
      "flatten": 0.0011382102966308594,
      "dense": 0.002852916717529297,
      "output": 0.0015773773193359375
    },
    {
      "random_flip": 0.36890244483947754,
      "random_rotation": 0.0001227855682373047,
      "random_zoom": 8.416175842285156e-05,
      "rescaling": 0.0020902156829833984,
      "first_conv": 0.001264810562133789,
      "first_maxpool": 0.00023698806762695312,
      "second_conv": 0.0004749298095703125,
      "second_maxpool": 0.00017762184143066406,
      "third_conv": 0.00043320655822753906,
      "third_maxpool": 0.0001971721649169922,
      "drop_out": 0.00020766258239746094,
      "flatten": 0.000225067138671875,
      "dense": 0.0004630088806152344,
      "output": 0.00029277801513671875
    },
    {
      "random_flip": 0.3690650463104248,
      "random_rotation": 0.00013065338134765625,
      "random_zoom": 9.465217590332031e-05,
      "rescaling": 0.0020418167114257812,
      "first_conv": 0.0010647773742675781,
      "first_maxpool": 0.00023126602172851562,
      "second_conv": 0.00047397613525390625,
      "second_maxpool": 0.00017786026000976562,
      "third_conv": 0.00042510032653808594,
      "third_maxpool": 0.00017380714416503906,
      "drop_out": 0.00020265579223632812,
      "flatten": 0.0002281665802001953,
      "dense": 0.0004620552062988281,
      "output": 0.00028896331787109375
    },
    {
      "random_flip": 0.3701319694519043,
      "random_rotation": 0.00011897087097167969,
      "random_zoom": 8.96453857421875e-05,
      "rescaling": 0.0020415782928466797,
      "first_conv": 0.001008749008178711,
      "first_maxpool": 0.0002415180206298828,
      "second_conv": 0.0004813671112060547,
      "second_maxpool": 0.00017404556274414062,
      "third_conv": 0.0004737377166748047,
      "third_maxpool": 0.00017499923706054688,
      "drop_out": 0.0002071857452392578,
      "flatten": 0.0002257823944091797,
      "dense": 0.00046825408935546875,
      "output": 0.0002913475036621094
    },
    {
      "random_flip": 0.36897993087768555,
      "random_rotation": 0.00012159347534179688,
      "random_zoom": 8.153915405273438e-05,
      "rescaling": 0.002070188522338867,
      "first_conv": 0.0010204315185546875,
      "first_maxpool": 0.00023055076599121094,
      "second_conv": 0.0004730224609375,
      "second_maxpool": 0.00018143653869628906,
      "third_conv": 0.00043487548828125,
      "third_maxpool": 0.0001735687255859375,
      "drop_out": 0.00020122528076171875,
      "flatten": 0.00022459030151367188,
      "dense": 0.000457763671875,
      "output": 0.00028705596923828125
    },
    {
      "random_flip": 0.3686685562133789,
      "random_rotation": 0.000118255615234375,
      "random_zoom": 8.130073547363281e-05,
      "rescaling": 0.002033710479736328,
      "first_conv": 0.0010650157928466797,
      "first_maxpool": 0.0002353191375732422,
      "second_conv": 0.0004725456237792969,
      "second_maxpool": 0.00017547607421875,
      "third_conv": 0.00042510032653808594,
      "third_maxpool": 0.00017309188842773438,
      "drop_out": 0.00020122528076171875,
      "flatten": 0.0002243518829345703,
      "dense": 0.00046133995056152344,
      "output": 0.0002884864807128906
    },
    {
      "random_flip": 0.3686220645904541,
      "random_rotation": 0.0001232624053955078,
      "random_zoom": 8.225440979003906e-05,
      "rescaling": 0.0020439624786376953,
      "first_conv": 0.0010025501251220703,
      "first_maxpool": 0.00022912025451660156,
      "second_conv": 0.0005106925964355469,
      "second_maxpool": 0.00018668174743652344,
      "third_conv": 0.0004260540008544922,
      "third_maxpool": 0.0001723766326904297,
      "drop_out": 0.000202178955078125,
      "flatten": 0.00022339820861816406,
      "dense": 0.0004622936248779297,
      "output": 0.00028967857360839844
    },
    {
      "random_flip": 0.36865949630737305,
      "random_rotation": 0.00011897087097167969,
      "random_zoom": 8.106231689453125e-05,
      "rescaling": 0.002023935317993164,
      "first_conv": 0.001010894775390625,
      "first_maxpool": 0.00022912025451660156,
      "second_conv": 0.0005266666412353516,
      "second_maxpool": 0.00017380714416503906,
      "third_conv": 0.00042366981506347656,
      "third_maxpool": 0.00017571449279785156,
      "drop_out": 0.00019979476928710938,
      "flatten": 0.00022339820861816406,
      "dense": 0.0004572868347167969,
      "output": 0.0002884864807128906
    },
    {
      "random_flip": 0.36855149269104004,
      "random_rotation": 0.000118255615234375,
      "random_zoom": 8.106231689453125e-05,
      "rescaling": 0.002037525177001953,
      "first_conv": 0.001073598861694336,
      "first_maxpool": 0.00023245811462402344,
      "second_conv": 0.00048470497131347656,
      "second_maxpool": 0.0001823902130126953,
      "third_conv": 0.00043654441833496094,
      "third_maxpool": 0.00017380714416503906,
      "drop_out": 0.0002009868621826172,
      "flatten": 0.00023245811462402344,
      "dense": 0.00046563148498535156,
      "output": 0.0002942085266113281
    },
    {
      "random_flip": 0.36744165420532227,
      "random_rotation": 0.00011777877807617188,
      "random_zoom": 8.177757263183594e-05,
      "rescaling": 0.0020608901977539062,
      "first_conv": 0.0009870529174804688,
      "first_maxpool": 0.0002429485321044922,
      "second_conv": 0.0004742145538330078,
      "second_maxpool": 0.00017333030700683594,
      "third_conv": 0.0004315376281738281,
      "third_maxpool": 0.0001747608184814453,
      "drop_out": 0.00019979476928710938,
      "flatten": 0.0002281665802001953,
      "dense": 0.0004553794860839844,
      "output": 0.00029087066650390625
    },
    {
      "random_flip": 0.36760640144348145,
      "random_rotation": 0.00012063980102539062,
      "random_zoom": 8.058547973632812e-05,
      "rescaling": 0.002054929733276367,
      "first_conv": 0.0009987354278564453,
      "first_maxpool": 0.00022983551025390625,
      "second_conv": 0.0004668235778808594,
      "second_maxpool": 0.00018978118896484375,
      "third_conv": 0.00042557716369628906,
      "third_maxpool": 0.00017452239990234375,
      "drop_out": 0.00020194053649902344,
      "flatten": 0.000225067138671875,
      "dense": 0.0004582405090332031,
      "output": 0.00030231475830078125
    },
    {
      "random_flip": 0.3672292232513428,
      "random_rotation": 0.00012135505676269531,
      "random_zoom": 8.177757263183594e-05,
      "rescaling": 0.0020744800567626953,
      "first_conv": 0.0009908676147460938,
      "first_maxpool": 0.0002448558807373047,
      "second_conv": 0.0004761219024658203,
      "second_maxpool": 0.00017547607421875,
      "third_conv": 0.00042438507080078125,
      "third_maxpool": 0.0001742839813232422,
      "drop_out": 0.00020003318786621094,
      "flatten": 0.00022172927856445312,
      "dense": 0.000457763671875,
      "output": 0.0002899169921875
    },
    {
      "random_flip": 0.36762285232543945,
      "random_rotation": 0.00011920928955078125,
      "random_zoom": 8.130073547363281e-05,
      "rescaling": 0.002071857452392578,
      "first_conv": 0.0010154247283935547,
      "first_maxpool": 0.00022983551025390625,
      "second_conv": 0.0004773139953613281,
      "second_maxpool": 0.00017786026000976562,
      "third_conv": 0.0004258155822753906,
      "third_maxpool": 0.0001728534698486328,
      "drop_out": 0.00020384788513183594,
      "flatten": 0.00022149085998535156,